<!--
MIT License

Copyright (c) 2023 Pascal Klink

Permission is hereby granted, free of charge, to any person obtaining a copy
of this software and associated documentation files (the "Software"), to deal
in the Software without restriction, including without limitation the rights
to use, copy, modify, merge, publish, distribute, sublicense, and/or sell
copies of the Software, and to permit persons to whom the Software is
furnished to do so, subject to the following conditions:

The above copyright notice and this permission notice shall be included in all
copies or substantial portions of the Software.

THE SOFTWARE IS PROVIDED "AS IS", WITHOUT WARRANTY OF ANY KIND, EXPRESS OR
IMPLIED, INCLUDING BUT NOT LIMITED TO THE WARRANTIES OF MERCHANTABILITY,
FITNESS FOR A PARTICULAR PURPOSE AND NONINFRINGEMENT. IN NO EVENT SHALL THE
AUTHORS OR COPYRIGHT HOLDERS BE LIABLE FOR ANY CLAIM, DAMAGES OR OTHER
LIABILITY, WHETHER IN AN ACTION OF CONTRACT, TORT OR OTHERWISE, ARISING FROM,
OUT OF OR IN CONNECTION WITH THE SOFTWARE OR THE USE OR OTHER DEALINGS IN THE
SOFTWARE.
-->

<!--
This XML contains a description of the Barrett WAM robot for the MuJoCo simulator. Inertia specifications are built
from the official user manual and inertia sheet of the Barrett WAM.
-->

<mujoco model="wam4">

    <option integrator="Euler" timestep="0.002" gravity="0 0 -9.81" viscosity="0"/>
    <compiler coordinate="local" angle="radian" inertiagrouprange="2 2" meshdir="meshes/"/>
    <size njmax="8000" nconmax="4000"/>

    <default>
        <joint type="hinge" limited="true" pos="0 0 0" axis="0 0 1" frictionloss="0.0"/>
        <site size=".02" rgba="1 0 0 0"/>
        <default class="col">
            <geom type="mesh" contype="0" conaffinity="1" group="3" rgba="0.5 0.6 0.7 1" solref="-60000 -400"
                  density="0" condim="6" friction="0 0 0"/>
        </default>
        <default class="viz">
            <geom type="mesh" contype="0" conaffinity="0" group="1" rgba="0.7 0.7 0.7 1" density="0"/>
        </default>
        <default class="x_axis">
            <geom contype="0" conaffinity="0" group="5" rgba="1 0 0 1" density="0" type="cylinder" size=".01 0.15"
                  pos="0.15 0 0" euler="0 1.570796327 0"/>
        </default>
        <default class="y_axis">
            <geom contype="0" conaffinity="0" group="5" rgba="0 1 0 1" density="0" type="cylinder" size=".01 0.15"
                  pos="0 0.15 0" euler="1.570796327 0 0"/>
        </default>
        <default class="z_axis">
            <geom contype="0" conaffinity="0" group="5" rgba="0 0 1 1" density="0" type="cylinder" size=".01 0.15"
                  pos="0 0 0.15" euler="0 0 0"/>
        </default>
    </default>

    <asset>
        <mesh file="base_link_fine.stl"/>
        <mesh file="base_link_convex.stl"/>
        <mesh file="shoulder_link_fine.stl"/>
        <mesh file="shoulder_link_convex_decomposition_p1.stl"/>
        <mesh file="shoulder_link_convex_decomposition_p2.stl"/>
        <mesh file="shoulder_link_convex_decomposition_p3.stl"/>
        <mesh file="shoulder_pitch_link_fine.stl"/>
        <mesh file="shoulder_pitch_link_convex.stl"/>
        <mesh file="upper_arm_link_fine.stl"/>
        <mesh file="upper_arm_link_convex_decomposition_p1.stl"/>
        <mesh file="upper_arm_link_convex_decomposition_p2.stl"/>
        <mesh file="elbow_link_fine.stl"/>
        <mesh file="elbow_link_convex.stl"/>
        <texture name="texplane" type="2d" builtin="checker" rgb1=".2 .3 .4" rgb2=".1 0.15 0.2" width="512" height="512"
                 mark="cross" markrgb=".8 .8 .8"/>
        <material name="matplane" reflectance="0.3" texture="texplane" texrepeat="1 1" texuniform="true"/>
    </asset>

    <worldbody>
        <geom class="x_axis"/>
        <geom class="y_axis"/>
        <geom class="z_axis"/>
        <light directional="false" diffuse=".2 .2 .2" specular="0 0 0" pos="0 0 5" dir="0 0 -1" castshadow="false"/>
        <light mode="targetbodycom" target="wam/links/base" directional="false" diffuse="2 2 2" specular="0.3 0.3 0.3"
               pos="0 0 4.0" dir="0 0 -1"/>

        <geom name="floor" pos="0 0 0" size="2 2 .25" type="plane" material="matplane" condim="3" solref="-16000 -200"/>
        <site name="wam/ref_sites/global_origin" pos="0 0 0" size=".01" rgba="0 0 1 1"/>

        <body name="wam/links/base" pos="0 0 1.2" euler="0 0 0">
            <geom class="viz" mesh="base_link_fine" rgba="0.78 0.75 0.7 1" pos="0.22 0.14 0." euler="0 0 0"/>
            <geom class="col" mesh="base_link_convex" rgba="0.78 0.75 0.7 1" pos="0.22 0.14 0." euler="0 0 0"/>

            <geom class="x_axis"/>
            <geom class="y_axis"/>
            <geom class="z_axis"/>

            <!-- The inertia are taken from the information in
            https://web.barrett.com/support/WAM_Documentation/WAM_InertialSpecifications_AC-02.pdf
            The frames are placed such that they align with the frames in the inertia document-->
            <body name="wam/frames/0" pos="0.22 0.14 0.346" euler="0 0 0">
                <inertial pos="-0.0202 -0.2660 -0.1407" mass="9.97059584" diaginertia="0.08709498 0.13911978 0.18350061"
                          quat="0.67801026 0.64955095 0.27008704 0.21316341"/>
                <geom class="x_axis"/>
                <geom class="y_axis"/>
                <geom class="z_axis"/>
            </body>

            <body name="wam/rotor1" pos="0.22 0.0 0.173" euler="0 0 0">
                <joint name="wam/joints/motor_yaw" pos="0 0 0" axis="0 0 1" limited="false"
                       armature="0" damping="0" frictionloss="0"/>
                <!-- The mass of this inertial specification is not important (since the base is fixed in the world
                 frame). The entries in the inertia tensor correspond to the rotor inertia specified in the Barrett
                 inertia specification.-->
                <inertial pos="0 0 0" mass="1e-2" diaginertia="0.00011631 0.00011631 0.00011631" quat="1 0 0 0"/>
                <geom class="viz" type="cylinder" size="0.03 0.01" rgba="1 0 0 1"/>
            </body>

            <body name="wam/rotor2" pos="0.22 0.09 0.173" euler="0 0 0">
                <joint name="wam/joints/motor_pitch" pos="0 0 0" axis="0 0 1" limited="false"
                       armature="0" damping="0" frictionloss="0"/>
                <inertial pos="0 0 0" mass="1e-2" diaginertia="0.00011831 0.00011831 0.00011831" quat="1 0 0 0"/>
                <geom class="viz" type="cylinder" size="0.03 0.01" rgba="1 0 0 1"/>
            </body>

            <body name="wam/rotor3" pos="0.22 0.19 0.173" euler="0 0 0">
                <joint name="wam/joints/motor_roll" pos="0 0 0" axis="0 0 1" limited="false"
                       armature="0" damping="0" frictionloss="0"/>
                <inertial pos="0 0 0" mass="1e-2" diaginertia="0.00011831 0.00011831 0.00011831" quat="1 0 0 0"/>
                <geom class="viz" type="cylinder" size="0.03 0.01" rgba="1 0 0 1"/>
            </body>

            <body name="wam/rotor4" pos="0.22 0.28 0.173" euler="0 0 0">
                <joint name="wam/joints/motor_elbow" pos="0 0 0" axis="0 0 1" limited="false"
                       armature="0" damping="0" frictionloss="0"/>
                <inertial pos="0 0 0" mass="1e-2" diaginertia="0.00010686 0.00010686 0.00010686" quat="1 0 0 0"/>
                <geom class="viz" type="cylinder" size="0.03 0.01" rgba="1 0 0 1"/>
            </body>

            <body name="wam/links/shoulder_yaw" pos="0.22 0.14 0.346" euler="0 0 0">
                <joint name="wam/joints/shoulder_yaw" pos="0 0 0" range="-2.6 2.6" axis="0 0 1" type="hinge"
                       armature="0" damping="0.02" frictionloss="0"/>

                <geom class="viz" mesh="shoulder_link_fine" rgba="0.78 0.75 0.7 1"/>
                <geom class="col" mesh="shoulder_link_convex_decomposition_p1"/>
                <geom class="col" mesh="shoulder_link_convex_decomposition_p2"/>
                <geom class="col" mesh="shoulder_link_convex_decomposition_p3"/>

                <body name="wam/frames/1" pos="0. 0. 0." euler="-1.570796 0 0">
                    <inertial pos="-0.0044 0.1219 -0.0007" mass="10.76768767"
                              diaginertia="0.09044192 0.11309685 0.13508855"
                              quat="0.02358643 0.70520275 0.04520396 0.70716997"/>
                    <geom class="x_axis"/>
                    <geom class="y_axis"/>
                    <geom class="z_axis"/>
                </body>

                <body name="wam/links/shoulder_pitch" pos="0. 0. 0." euler="-1.570796 0 0">
                    <joint name="wam/joints/shoulder_pitch" pos="0 0 0" range="-2 2" axis="0 0 1" type="hinge"
                           damping="0.02" frictionloss="0" armature="0"/>

                    <geom class="viz" mesh="shoulder_pitch_link_fine" rgba="0.6 0.6 0.6 1"/>
                    <geom class="col" mesh="shoulder_pitch_link_convex"/>

                    <body name="wam/frames/2" pos="0. 0. 0." euler="1.570796 0 0">
                        <inertial pos="-0.0024 0.0311 0.0154" mass="3.87493756"
                                  diaginertia="0.01264653 0.01671014 0.02142072"
                                  quat="0.61907656 -0.35943143 -0.61568762 -0.32936608"/>
                        <geom class="x_axis"/>
                        <geom class="y_axis"/>
                        <geom class="z_axis"/>
                    </body>

                    <body name="wam/links/upper_arm" pos="0 0 0" euler="1.570796 0 0">
                        <joint name="wam/joints/shoulder_roll" pos="0 0 0" range="-2.8 2.8" axis="0 0 1" type="hinge"
                               damping="0.02" frictionloss="0" armature="0"/>

                        <geom class="viz" mesh="upper_arm_link_fine" pos="0 0 0" euler="0 0 0" rgba=".25 .25 .25 1"/>
                        <geom class="col" mesh="upper_arm_link_convex_decomposition_p1"/>
                        <geom class="col" mesh="upper_arm_link_convex_decomposition_p2"/>

                        <body name="wam/frames/3" pos="0.045 0 0.55" euler="-1.570796 0 0">
                            <inertial pos="-0.0383 0.2075 0.0000" mass="1.80228141"
                                      diaginertia="0.00313419 0.05922120 0.05927132"
                                      quat="0.68964411 0.04601116 0.04787737 -0.72109759"/>
                            <geom class="x_axis"/>
                            <geom class="y_axis"/>
                            <geom class="z_axis"/>
                        </body>

                        <body name="wam/links/forearm" pos="0.045 0 0.55" euler="-1.570796 0 0">
                            <joint name="wam/joints/elbow" pos="0 0 0" range="-0.9 3.14159" axis="0 0 1"
                                   armature="0" damping="0.02" frictionloss="0"/>

                            <geom class="viz" mesh="elbow_link_fine" rgba="0.85 0.85 0.85 1"/>
                            <geom class="col" mesh="elbow_link_convex"/>
                            <geom class="viz" type="cylinder" size=".0445 0.136" pos="-0.045 -0.214 0"
                                  euler="1.570796 0 0" rgba=".25 .25 .25 1"/>
                            <geom class="col" type="cylinder" size=".0445 0.136" pos="-0.045 -0.214 0"
                                  euler="1.570796 0 0"/>

                            <geom class="x_axis"/>
                            <geom class="y_axis"/>
                            <geom class="z_axis"/>

                            <body name="wam/frames/4" pos="-0.045 0 0" euler="1.570796 0 0">
                                <inertial pos="0.0110 -0.0000 0.1405" mass="1.06513649"
                                          diaginertia="0.00181989 0.01864102 0.01891661"
                                          quat="0.47759829 0.47313897 0.52606895 0.52085588"/>
                                <geom class="x_axis"/>
                                <geom class="y_axis"/>
                                <geom class="z_axis"/>
                            </body>

                            <body name="wam/frames/5" pos="-0.045 -0.35 0" euler="1.570796 0 0">
                                <geom class="x_axis"/>
                                <geom class="y_axis"/>
                                <geom class="z_axis"/>
                            </body>
                        </body>
                    </body>
                </body>
            </body>
        </body>
    </worldbody>

    <tendon>
        <!-- The coefficients of the tendon couplings correspond to the coefficients on page 68 of
        https://web.barrett.com/support/WAM_Documentation/WAM_UserManual_AH-00.pdf-->
        <fixed name="yaw_coupling" limited="true" range="-5e-4 5e-4" solimplimit="0.99 1. 1e-5 0.5 2"
               solreflimit="0.002 2" solimpfriction="0.99 1. 1e-5 0.5 2" solreffriction="0.002 2">
            <joint joint="wam/joints/motor_yaw" coef="0.02380952"/>
            <joint joint="wam/joints/shoulder_yaw" coef="1"/>
        </fixed>
        <fixed name="pitch_coupling" limited="true" range="-5e-4 5e-4" solimplimit="0.99 1. 1e-5 0.5 2"
               solreflimit="0.002 2" solimpfriction="0.99 1. 1e-5 0.5 2" solreffriction="0.002 2">
            <joint joint="wam/joints/motor_pitch" coef="-0.01769912"/>
            <joint joint="wam/joints/motor_roll" coef="0.01769912"/>
            <joint joint="wam/joints/shoulder_pitch" coef="1"/>
        </fixed>
        <fixed name="roll_coupling" limited="true" range="-5e-4 5e-4" solimplimit="0.99 1. 1e-5 0.5 2"
               solreflimit="0.002 2" solimpfriction="0.99 1. 1e-5 0.5 2" solreffriction="0.002 2">
            <joint joint="wam/joints/motor_pitch" coef="0.02973451"/>
            <joint joint="wam/joints/motor_roll" coef="0.02973451"/>
            <joint joint="wam/joints/shoulder_roll" coef="1"/>
        </fixed>
        <fixed name="elbow_coupling" limited="true" range="-5e-4 5e-4" solimplimit="0.99 1. 1e-5 0.5 2"
               solreflimit="0.002 2" solimpfriction="0.99 1. 1e-5 0.5 2" solreffriction="0.002 2">
            <joint joint="wam/joints/motor_elbow" coef="0.05555556"/>
            <joint joint="wam/joints/elbow" coef="1"/>
        </fixed>
    </tendon>

    <actuator>
        <!-- The 1.8Nm are the cable limits in the Barrett WAM documentation:
        https://web.barrett.com/support/WAM_Documentation/WAM_UserManual_AH-00.pdf-->
        <motor name='joint_1' joint='wam/joints/motor_yaw' ctrllimited="true" ctrlrange="-1.8 1.8"/>
        <motor name='joint_2' joint='wam/joints/motor_pitch' ctrllimited="true" ctrlrange="-1.8 1.8"/>
        <motor name='joint_3' joint='wam/joints/motor_roll' ctrllimited="true" ctrlrange="-1.8 1.8"/>
        <motor name='joint_4' joint='wam/joints/motor_elbow' ctrllimited="true" ctrlrange="-1.8 1.8"/>
    </actuator>
</mujoco>